{
  "total_funded": 2877382125.0,
  "total_return": 81423545.85810775,
  "avg_roi": 0.03363215461784427,
  "default_rate": 0.199425,
  "risk_adj_roi": -0.1503114149084674,
  "total_loans": 200000,
  "avg_int_rate": 0.1322367215,
  "recovery_rate": 0.0776303395947766
}